first_name,last_name,email,password,birthday
Еріка,Овсієнко,aavramchuk@example.org,@zE!4LqcoZ,1985-06-11
Варвара,Ящук,dashenkosemen@example.net,h!0f8qVbHI,1970-06-26
Роман,Швачко,bohodarudovenko@example.com,_R5hG6Qlh$,1979-06-09
Марія,Мазепа,zaporozhetsiustyna@example.net,&v8JP4iat$,1984-09-04
Ярослав,Гунько,boryslav31@example.com,kki43Ua1Y!,2013-09-22
Володимира,Юрчишин,marynashukhevych@example.com,B+7TA0Rt$3,1991-09-11
Богодар,Фесенко,iaroslavzabila@example.org,b*98O6ygB0,2014-10-18
Едуард,Сірко,mzakusylo@example.org,ytB6jE_bs*,1977-07-25
Аврелій,Гавриш,chuikoserhii@example.net,!p4IGQKuMe,2009-07-14
Омелян,Дрозденко,halynasyrotenko@example.net,_4s!6mlB+W,2006-01-05
Борислав,Яремків,aaronsvystun@example.net,_P_kOrNbB0,1973-04-23
Феофан,Вівчаренко,zsatsiuk@example.net,^38Ic!iUb_,1978-08-07
Вʼячеслав,Голик,danna10@example.com,q7LPJSju%Q,1978-09-30
Гордій,Ярош,chmilliliia@example.org,*g0XVcNQ!q,1989-07-28
Пріска,Безбородько,stanislav83@example.net,Et*_9hJa+j,1988-11-26
Франц,Павлик,radchenkoklyment@example.com,wif^U5Cz+B,1986-03-22
Теодор,Пилипенко,iashchenkorostyslav@example.org,40l8wJxn+8,2019-03-13
Демид,Гаврюшенко,uiaremenko@example.org,&^z_5HYeP6,1999-04-07
Христина,Ващук,lizanalyvaiko@example.com,)62FKb+@&q,1987-01-22
Оксенія,Гайворонський,ltsybulenko@example.org,8yd8vIyez@,2001-03-30
Варвара,Удовенко,tkachenkoirena@example.com,Juw7C_UlK%,2000-09-16
Анастасія,Дашкевич,cbabiuk@example.com,^3p+WqLr*C,2019-07-19
Лукʼян,Яценюк,kostiantyntovstolis@example.org,h9l0*3Tbh@,2000-09-13
Камілла,Демʼянчук,les62@example.com,X+6H3KRyY6,2012-04-02
Христина,Рябошапка,gzhytskyiviktoriia@example.net,$$@v7OnxyX,2022-09-20
Руслан,Чайка,zierchenko@example.com,N5keVu7e^u,1997-07-29
Остап,Жайворон,klavdiia06@example.org,%EgUCtf^c9,1988-06-06
Валерій,Алексеєнко,iefrem15@example.org,4unK12S3e!,1973-11-24
Леопольд,Сиротенко,vlasenkooryna@example.org,)ZhU7SdB@W,1981-04-30
Мирон,Чаленко,tovsiienko@example.net,T@7KerDO*U,1981-12-23
Сніжана,Ярош,iustynaabramenko@example.net,xUNFjAb__3,2017-05-09
Леонід,Шутько,symonkarpa@example.org,R%A40+Rc$%,2020-06-07
Тереза,Дашенко,panchukzynovii@example.com,mIJ+1XAijc,2005-07-20
Нестор,Лазаренко,tereza60@example.com,*us1QHg1WA,1981-08-18
Ярема,Примаченко,fkhrystenko@example.net,qRMh!1(v&&,1972-03-09
Роман,Корбут,riaboshapkapriska@example.org,+@ByAFr2*3,1985-06-25
Богодар,Василевич,martyn73@example.com,^wZ8BiPWR%,2012-11-11
Камілла,Матвієнко,leonid12@example.org,5(w8E8zgPJ,2012-07-06
Клавдія,Іщенко,sliusarvenedykt@example.org,i9OjDkjk@f,2000-04-06
Соломон,Іщенко,anzhela71@example.net,z*61KgQpD&,1988-07-23
Арсен,Шевченко,tereza27@example.net,dGa2w4Vn(_,1974-05-23
Ольга,Чарниш,aaron95@example.net,@8@tAT6hYY,2001-09-26
Лукʼян,Матяш,tchmil@example.com,@%6bn%KABh,1990-07-14
Дмитро,Шутько,hodunokpanas@example.org,bOBh0_ou+7,1998-11-22
Миколай,Бакуменко,hbabychenko@example.net,H+m@7D5px*,1998-07-18
Пріска,Абраменко,turkalolukian@example.org,Drj1sCN5#!,2014-10-27
Владислав,Заїка,vadym00@example.com,5DAxyGu@+3,1972-01-20
Альберт,Алексеєнко,lkozak@example.net,YO2OjxWs%2,2011-11-15
Августин,Дацюк,emiliiaderhach@example.net,%1K5GCsH4s,1977-03-30
Євген,Забашта,stetsorkhyp@example.com,$k1qhYqo2w,1982-09-14
Клавдія,Гупало,ieremenkoarsen@example.net,tEa6Dg+6+u,1990-10-28
Давид,Захарченко,leontii40@example.com,)3bP#)mzGq,2012-01-12
Антон,Скоробогатько,amaliia96@example.net,)TL#hLBo3K,2001-11-29
Марко,Супруненко,alla37@example.org,*6kXU!sbFn,2019-04-22
Климент,Сомко,tbashtan@example.net,ddfzNeoZ)4,1972-01-17
Остап,Барабаш,pavlodavydenko@example.org,7a_6XszJed,1975-04-19
Йосип,Шаповал,edziuba@example.com,*0IDf)C3gm,2010-11-21
Тимофій,Рубець,oles42@example.org,t6wLXYDh@k,2006-10-19
Гаврило,Юхименко,petroparasiuk@example.net,Y+P4Sliy#U,1972-06-21
Еріка,Авраменко,demianzhaivoron@example.com,F$Ul6GOloo,2006-01-04
Панас,Тимчук,sahalzakhar@example.org,^0O&seybU%,1989-11-16
Владислав,Колесниченко,mazurrozaliia@example.org,jn^N7GUd(p,2008-09-12
Яків,Рак,romanetsspas@example.com,u(KFg@5O#8,1999-02-15
Симон,Єременко,marynadavydenko@example.net,Cy1ePXsfD*,2010-05-14
Орися,Карась,ademydenko@example.net,$197Ac$b(l,2012-12-12
Мартин,Базилевський,vakulenkoiukhym@example.org,%$0mXSbpYp,2002-09-05
Феофан,Чайка,mykolai36@example.com,rG2MDZtWO_,1991-07-12
Герман ,Цюпа,ozhadan@example.net,3t8lnPxr)3,2018-03-20
Едита,Ткач,azar47@example.org,&(I9X0kdFj,2016-02-29
Болеслав,Хомик,qnesterenko@example.org,I9F5ZckW+u,1975-08-31
Вʼячеслав,Дробʼязко,aleksiichukmyron@example.com,Gl@wq1Fn7Y,2002-05-12
Леон,Черінько,taras92@example.net,_7az@qOB&v,2005-05-12
Ігор,Приймак,zhukmyron@example.org,J@llwAk0pY,1976-05-25
Руслан,Карпа,liliia92@example.org,fk9(Vos4_Z,2013-01-02
Августин,Малишко,vasylynariaboshapka@example.org,+)7+FdGv_r,1977-11-23
Богуслава,Хмара,drobiazkosnizhana@example.net,!_lX6+svM7,1994-01-06
Мирон,Деряжний,babychvalerii@example.com,s9K3nIbJ$6,1989-03-12
Тереза,Вівчаренко,okhrimievtushok@example.net,2KrvRjSu%9,2004-08-31
Тереза,Івасюк,feofan94@example.com,@xF7EFfb*S,2012-01-09
Любов,Алексійчук,tereshchukiukhym@example.org,T%BZnMfF^0,2019-11-01
Маруся,Вдовенко,riabchenkoboleslav@example.com,^8XpSkbtjP,1974-06-22
Онисим,Запорожець,nataliiahavrylets@example.net,2Eol9ztSD%,2019-09-23
Лілія,Гупало,andrii61@example.org,iMJ7FW(n&+,1991-11-16
Аніта,Пушкар,ievhen87@example.com,+8ZXy!ctct,2007-08-28
Левко,Якименко,vasylromanchuk@example.net,%1eVKk%4#Y,2006-02-28
Арсен,Радченко,ievamatiash@example.net,_6!I12pvV2,1993-10-03
Прохір,Калениченко,mykolai78@example.com,ye04fUar&_,1984-04-21
Богуслава,Романець,panashavryshkevych@example.net,+jDe@rRc6W,1998-05-03
Микита,Михайличенко,albinalysenko@example.org,E237AdPk!y,2021-10-16
Надія,Худобʼяк,arsenkozak@example.org,#&ur7MmSm0,1988-10-08
Болеслав,Приходько,arkadii18@example.com,s1TIpXtV#e,2009-08-31
Єва,Жученко,anitakarpenko@example.org,l_BPBCkt*5,2000-07-06
Богданна,Вернигора,larysa86@example.net,!&D)c5^kc4,2014-08-12
Гаврило,Жученко,ilienkomartyn@example.org,&6mIJf95#^,1991-06-15
Августин,Малик,qdatsiuk@example.org,+11lzVtbw8,1977-01-28
Пантелеймон,Абрамчук,leon55@example.net,^%&5QIlj1),2014-03-05
Ада,Девдюк,makar54@example.org,2xr0GWby!#,1986-11-18
Ярема,Артим,nshynkarenko@example.net,FN$Z2Qjz!J,2018-09-13
Зорян,Ґерета,bustenko@example.net,M!3UZ!a0@t,1980-01-14
Святослава,Ємельяненко,radchenkooksana@example.com,b_6VVuv+Qi,2022-04-18
